theme,post
promotion,Excited to step into a new role as Product Manager at brush!
promotion,Iâ€™m pleased to share that I have been promoted to the position of HR Operations Officer at Bank of Jordan.!
promotion,Iâ€™m also proud to now officially be a qualified counsellorâ€”and grateful to have secured a promotion within the mental health charity where I completed my placement. Itâ€™s an honour to continue supporting the community through this work.!
promotion,"Iâ€™m happy to share that I have been promoted to Brand Executive at Kervan Gida, Hereâ€™s to new goals, bigger dreams, and exciting projects ahead!!"
promotion,"Iâ€™m truly honored to receive this promotion, and I would like to express my heartfelt thanks to the Finance Department, the Senior Management, and the Chairman of the Board at Home Gate Construction for this generous recognition.!"
promotion,Weâ€™re celebrating an exceptionally well-deserved promotion here at Prime - congratulations to kishore on joining our board of directors!
promotion,Iâ€™m happy to share that Iâ€™ve been promoted to Senior Manager at Justo RealFintech Ltd!
promotion,Weâ€™re pleased to share that kishore  has been promoted to Project Manager II.!
promotion,Career Milestone Iâ€™m excited to share that Iâ€™ve been promoted to Full Sales Representative at amazon.!
promotion,"Iâ€™m happy to share that Iâ€™ve been promoted to Senior Manager at  Ltd! This journey has been full of learning, growth and challenges that shaped me both personally and professionally. I'm deeply thankful to everyone who believed in me and supported me throughout.!"
promotion,"Iâ€™ve always loved the month of July â€” itâ€™s my birthday month, my work anniversary, and nowâ€¦ the month I got promoted to Supervisor at Talon OOH Canada "
promotion,Iâ€™m incredibly proud to share that Iâ€™ve recently been promoted to Vertical Cleaning General Manager at Regular Cleaning!!
promotion,Iâ€™m happy to share that Iâ€™m starting a new position as Manager at PwC Acceleration Centers!
promotion,Iâ€™m excited to share that Iâ€™ve been promoted to Senior Assistant Manager in Liabilities Department at Banque Misr 
promotion,"Iâ€™ve officially been promoted to a Talent Advisor! This being my first promotion makes it extra special, and Iâ€™m incredibly grateful for the journey so far. A huge thank you to my leader, ajay for investing so much time into my growth. Iâ€™ve learned so much by simply being a sponge around your brilliance!

Iâ€™m so excited and ready to keep growing in this industry â€” and to make an impact in this next chapter!"
promotion,"Iâ€™m excited to announce my promotion to Software Engineer 1 (SDE 1) at CSG !

Grateful for the journey so far, the continuous learning, and the incredible support from my mentors, teammates, and leaders. Looking forward to embracing new challenges and growing further in this role.!"
promotion,Iâ€™m happy to share that Iâ€™m starting a new position as Talent Acquisition Partner at Living Spaces Furniture!
promotion,"I'm incredibly honored (and thrilled!) to share that Iâ€™ve been promoted to Manager, Client Support at Chatmeter!"
promotion,"Some exciting news!

Thrilled to announce my promotion to Senior Engineer at Capital One! 

So grateful for the opportunities to grow and contribute here.!"
promotion,I'm excited to share that I've been promoted to Regional Manager -Operations at hashtag Lupin Diagnostic!
gratitude,"My very first step into the corporate worldâ€”and what a journey it has been!

Grateful would be an understatement. Over the past 12 months, Iâ€™ve grown not just professionally, but personally. From learning new things to meeting wonderful people and trying new challengesâ€”Iâ€™ve cherished every part of this experience.

Iâ€™m truly grateful to my manager Kishore for the trust, support and guidance throughout this 
journeyâ€”itâ€™s made all the difference.!"
gratitude,"As a mechanical engineering graduate, Autodesk was always more than just a company to me â€” it was the dream. Getting the chance to be a part of this incredible organization, even if for a short while, has been nothing less than surreal.

Though my stint here was brief, it has been an immensely enriching journey. Iâ€™ve grown not only as a recruiter but also as a person. Iâ€™ve had the privilege of working with some of the most talented, passionate, and kind individuals â€” thank you for making this chapter so special.
!"
gratitude,"Iâ€™m immensely grateful Kishore Bandaru ,and the entire team for the unforgettable experiences and lifelong friendships Iâ€™ve gained. I leave with deep respect and indebtedness to this remarkable organization that will always hold a special place in my heart. Hereâ€™s to cherishing the journey and the bonds that will last a lifetime.!"
gratitude,"Iâ€™m thankful for the opportunities I was given, the lessons I learned, and most importantly, the amazing people I got to work with. You all made this journey so much more meaningful."
gratitude,"HavellsIndiaLtd. has not just been my workplace-it has been my second home, my teacher, and my constant companion through every phase of life.
From nervous presentations to leading team,from feeling like a newbie to becoming someone others look up to
Every step has meant something.

Thankyou to everyone whoâ€™s been part of this journey-mentors, colleagues, friends youâ€™ve shaped the person I am today.
"
gratitude," To every person who challenged me, supported me, stood by me â€” thank you. From strategizing people practices to witnessing the heart of an edtech revolution, Iâ€™ve learned more than I ever thought possible.

Physics Wallah was never just a workplace â€” it became a part of my story.

As I move toward new beginnings, this goodbye carries deep gratitude in every step forward."
gratitude,"This post is part Gratitude- Thank-you post, a part Life Update â€” and mostly a reminder that with the right people around, anything is possible."
gratitude,"When someone says, ""Your advice really helped me"", this feeling cant be explained in words.
Its less than a month, I have started mentoring on topmate.io and Iâ€™ve connected with so many amazing individuals.
Freshers trying to get started, IT professionals with 3â€“10 years of experience, some married, some shifting careers, each with a different story and struggle.
Listening to them, guiding them, and seeing even a small impact of my words made me realize: ğ†ğ¢ğ¯ğ¢ğ§ğ  ğ›ğšğœğ¤ ğ­ğ¨ ğ­ğ¡ğ ğœğ¨ğ¦ğ¦ğ®ğ§ğ¢ğ­ğ² ğŸğğğ¥ğ¬ ğğ¢ğŸğŸğğ«ğğ§ğ­

Itâ€™s fulfilling. Gratitude Ã— 100"
gratitude,"While Iâ€™ve now started a new chapter in my career, Iâ€™ll always look back at my time at Salesforce with pride and appreciation. And who knows â€” if the opportunity arises again in the future, Iâ€™d love to be part of this incredible company once more.

Thank you, Salesforce for everything!"
gratitude,"Iâ€™ve been fortunate to learn from some incredible mentors, managers, and colleagues along the way â€” thank you for shaping the way I think, work"
gratitude," Iâ€™m deeply thankful to everyone whoâ€™s been part of this journeyâ€”mentors, peers, leaders, and friends. Your support and belief have meant more than words can express.

And of course, no reflection would be complete without acknowledging the unwavering strength behind it allâ€”my family. Thank you for being my constant.

Hereâ€™s to continued growth, meaningful connections, and the journey ahead. "
"gratitude"", ""post"": ""In a world chasing likes, leads, and metrics â€” may we never forget the simple value of being kind humans first.

So, this is just a small shoutout to those beautiful souls.
Your kindness doesnâ€™t go unnoticed.",
gratitude,"IndiaMART has given me the platform to grow, lead, and contribute in meaningful ways, and for that, I will always be grateful.

As I step into a new chapter, I carry with me the values, memories, and lessons that only 11 years of deep experience can provide.

Hereâ€™s to new beginningsâ€”and eternal gratitude to the place that helped shape who I am today."
gratitude,"This journey has been one of immense discipline, late nights, sacrifices, and relentless focus. Clearing one of the toughest professional exams in India wasn't just about passing papers â€” it was about proving to myself that consistency and courage truly pay off.

To every student who feels overwhelmed or stuck â€” trust the process. Your effort, no matter how small it seems now, is building something bigger.

A heartfelt thank you to my family, mentors, and peers who believed in me even during the moments I doubted myself"
gratitude,"This journey was anything but easy-full of late nights, self-doubt, sacrifices, and constant pressure. But today, it all feels worth it.

There were moments I wanted to give up, when the syllabus felt never-ending and results day felt like judgment day. But I held on and Iâ€™m so glad I did.

A big thank you to my family, friends, mentors, and everyone who supported me through this rollercoaster. Your belief in me made all the difference. "
gratitude,"This one year has been a journey of learning, unlearning, growth, and immense self-discovery. But more importantly, it has reminded me that no accomplishment is ever truly personal â€” it's a collective victory shaped by those who stand by you, support you, and believe in you."
gratitude,"One memory Iâ€™ll never forget: my Dadaji purposely staying up and walking in at 2 AM during my study nights â€” just to sit beside me, talk for a bit, and ease the weight of it all. That quiet support meant the world.

To those who checked in, believed, pushed, and prayed â€” thank you. This is as much your milestone as mine.

Feeling nothing but gratitude as I take the next steps.
"
gratitude,"Walking into the office where products Iâ€™ve admired for years are built â€” and now contributing to them â€” has been a dream come true. From the excitement of onboarding to diving into impactful projects, every day has been filled with learning, collaboration, and inspiration.

A huge shoutout to the people who helped me reach here"
gratitude,"To every coach who pushed me, every teammate who lifted me, and every young athlete who reminds me why this journey matters

I wear this regalia with gratitude â€” not as an endpoint, but as a call to keep building legacies that outlast trophies. The field gave me purpose. Today, academia reminds me that purpose has a platform. 
"
gratitude,"In a world where work often takes center stage, itâ€™s easy to forget that what truly moves us forward is people. Their energy, positivity, and willingness to lift each other up is what builds real culture.

I feel so grateful to work with a team that chooses to appreciate, encourage, and celebrate each other every day.

These little thank you notes mean the world, a reminder that great teams are not just about deadlines and deliverables, but about kindness, recognition, and genuine connection."
gratitude,"A heartfelt thank you to each and every one of you who supported, encouraged, and believed in me. Winning this means so muchâ€”not just because of the title, but because of the incredible people who stood by me and shared this journey.

Your votes, your kind words, and your unwavering faith have been overwhelming. This isnâ€™t just my winâ€”itâ€™s ours. I promise to carry this responsibility with sincerity, integrity, and dedication.

Gratitude beyond words"
gratitude,"When I genuinely help someone and they say â€œThank you.â€
That unexpected smile. That relief in their eyes. That small message of gratitude.
"
gratitude,"A heartfelt thank you to our incredible team, partners, and God for guiding us every step. Excited for the bright future ahead!"
gratitude,"To the leadership team, colleagues, mentors, peers, and extended partners â€” thank you for believing in me, guiding me, and pushing me to raise the bar every single time.

Itâ€™s hard to sum up the experience in a few lines, but hereâ€™s my best attempt..

Though I turn this page, the learnings and relationships Iâ€™ve built here will always stay close to my heart. Momentive will always hold a special place in my journey."
culture,Most company cultures donâ€™t fail from toxicity.They fail from neglect
culture,Most company cultures donâ€™t fail from toxicity.They fail from neglect
culture,"In any organization, if juniors leave quickly while a bunch of seniors have been there for years,that's a sign of a toxic environment."
culture,While others say culture ~ We build it! Work hard and chill harder at ObserveNow
culture,Culture is not a checkpointâ€”it's the foundation.
culture,"Skills can be taught. Culture? Thatâ€™s lived. It means hiring people who value what your company values â€” curiosity, integrity, collaboration, hunger, and ownersh"
culture,"Wish to drive a great culture, be conscious about what to discuss and when to avoid. Office politics often starts from the TOP"
culture,Growth becomes meaningful when itâ€™s anchored in purpose and empowered by a culture that prioritizes people.
culture,Every time someone says â€œThatâ€™s not how we do it here!â€An opportunity quietly walks out the door.
culture,Every founder builds two thingsA product and a culture. One scales. The other compounds.
culture,"If a well-designed, thought-out change is not working, the answer lies with culture. "
culture,"Culture is no longer a â€˜nice to haveâ€™ â€” itâ€™s the operating system of how people relate, grow, and thrive at work"
culture,"Your people arenâ€™t just employees.Theyâ€™re your reflection.

When I look at my team, I donâ€™t just see titles or roles.

I see:
â†’ The values we stand for
â†’ The clarity weâ€™ve built together
â†’ The leadership we choose to model

Because people mirror the culture you build.

If you cut corners â€” they will too.

If you show up with heart and discipline â€” theyâ€™ll rise with you.

Thatâ€™s why I donâ€™t just train people.

I invest in culture."
culture,that culture isn't just about free snacks and bean bags. It's about creating a space where everyone can do their best work!
culture,"During interviews, candidates are often assessed for culture fitâ€”how well they align with the existing team.

However, it's equally important to consider culture addâ€”what new perspectives or experiences they bring.

Culture add can introduce fresh ideas, diverse thinking, and creative problem-solving. It helps break the mold and encourages innovation within teams.
 
By focusing on culture add, we open doors to growth and future-proof our organization."
culture,"If your best employees are leaving,It's not them.


It's your culture.

They don't leave companies, names or titles.
They leave toxic work environments.
"
culture,"Salary attracts talents, but respect and recognitions help to retain those talents. But a great work culture helps those talents to thrive."
culture,A companyâ€™s work culture is reflected in how employees feel on Sunday night about going to work on Monday.
culture,"Culture is not pizza Fridays. It is trust, safety and empathy."
culture,"Itâ€™s not the pay â€” itâ€™s the place.. 

Salary is never the first reason employees leave organisations. Itâ€™s usually the last.

1. Toxic culture â€“ It drains energy and impacts mental health. Even good pay canâ€™t fix a bad environment.

2. Lack of appreciation â€“ Effort without recognition feels empty. A simple â€œwell doneâ€ goes a long way.

3. Being ignored â€“ When ideas are dismissed and voices unheard. People stop trying where they feel invisible.

4. No growth â€“ Repetition without 
learning leads to frustration. Everyone seeks progress, not just a paycheck.

Yes, salary matters.
But respect, culture, and growth matter more."
culture,"When a company provides a flexible workspace and freedom over working hours, it fosters a flat approach to incremental innovation, allowing employees to complete their work with passion. Work becomes enjoyable, sparking creativity without pressure. This kind of culture builds innovative ideas and reinforces a flat structure where everyone is equally important. As a result, employees are more likely to love their work."
culture,"In an industry where talent is the core asset, pushing longer work hours without revisiting compensation, flexibility, or employee experience is not only disheartening but also unsustainable.

Work culture must evolve with the times â€” respecting work-life balance, valuing output over hours, and aligning with market standards in both pay and people policies.

Employees deserve more than extended hours â€” they deserve respect, recognition, and real rewards.

To all organizations out there: Please build cultures that attract and retain talent through empathy, not exhaustion."
culture,Employees Don't Leave Companies-They Leave Managers Who Make Them Feel Worthless.
culture,"90% of an organizationâ€™s work culture depends on a managerâ€™s behavior.
It all comes down to:

How mid-level managers deal with their teams
How they support and onboard new team members
How fairly they treat everyone
How unbiased their decisions are
How responsibly they own up to mistakes
How they give credit to the ones who truly deserve it
How they make the team feel engaged and motivated
How they build a team others would actually wish to be a part of
But hereâ€™s the harsh truth:

Only 1 in 10 managers truly strive to build such teams.
The rest are busy chasing their own promotions, recognition, and personal gains.

If organizations started taking anonymous feedback from team members about their managers, a lot of hidden issues would surface.

And maybeâ€”just maybeâ€”weâ€™d start creating workplaces that people genuinely enjoy.

Iâ€™m not saying all managers are toxic. But yes, most of them need serious work.

Managers are the face of the teamâ€”and of the company.

They must be fair, transparent, and genuinely invested in their people."
culture,"Amazing colleagues, supportive leadership, and a culture that fosters growth â€“ couldn't ask for a better workplace"
culture,"Playing football after work was almost treated like a compliance violation.

1. Why are you wasting time?
2. Games are for kids!
3. The office is for work, not for fun.

Meanwhile, at places that get it, folks show up after hours, with football kits, TT bats, yoga mats, having the time of their lives.

No judgment. Just balance.

Imagine that:-
Adults playing games, and still managing to build world-class products. Shocking.

If fun threatens your culture, maybe itâ€™s your culture that needs fixing""},
    {""theme"": ""culture"", ""post"": ""Culture doesnâ€™t kill strategy. Inaction does. We didnâ€™t set out to build a culture product

we just got tired of watching smart people stuck in data purgatory. So we built something to fix that. 
"
culture,"So the old man was just born in the wrong country.Jokes aside, this much work obsessed culture will have them invaded by NK. Their hours are already way too high."
culture,"In the Margins.
A new column that I plan to share on what doesnâ€™t sit neatly at the centre.
Not the loudest voices.
Not the cleanest categories.
Not the headlines, the talking points, or the five-point plans.
But the texture beneath.
The ideas in draft.
The uncomfortable thoughts. The cultural contradictions. The things we almost say but donâ€™t.
In the Margins is where Iâ€™ll write about the edges â€” of culture, communication, creativity, work, influence, technology, and the performance of it all.
Itâ€™s not meant to be reactive or urgent.
 Itâ€™s meant to be attentive.
The first piece here: The Pornification of Content"
culture,"Giving salary is not a personal favor; it's a contractual obligation and payment for work performed.

Employees are entitled to their wages for the time & hard work they put in. A salary is earned compensation for hard work, competence, and knowledge, not a gift or act of kindness!

A good work culture company always promotes their employees for their hard work and contribution towards the firm"
